user,login_hour,files_accessed,data_downloaded_mb
user39,19,29,1304
user21,6,19,1248
user24,20,36,2929
user22,20,2,2401
user38,1,21,1194
user22,11,25,484
user42,15,15,199
user44,22,3,656
user39,17,4,610
user50,8,26,2622
user28,14,7,2566
user35,13,17,1965
user4,1,6,2623
user29,17,26,1589
user36,13,31,825
user14,22,40,2777
user47,20,24,2274
user45,8,29,2072
user25,6,9,1377
user8,23,11,1532
user35,2,33,388
user39,8,28,2192
user12,1,33,512
user24,4,35,2741
user27,2,1,2670
user3,0,5,512
user39,8,15,1048
user13,18,32,2800
user32,3,30,2542
user45,14,43,550
user32,6,22,1829
user45,20,6,805
user44,19,30,1991
user28,6,33,1418
user13,8,3,719
user9,4,33,1267
user15,21,32,1641
user49,16,12,1646
user17,16,2,651
user23,4,32,2442
user2,20,44,2787
user32,22,4,212
user17,5,24,2941
user22,10,48,2201
user6,15,29,1804
user36,18,26,1996
user20,6,41,2986
user39,17,40,650
user25,17,23,1448
user35,6,16,2403
user49,1,1,1337
user5,4,32,2066
user19,15,16,1164
user33,23,11,1658
user38,0,198,4200
user29,17,46,347
user35,4,147,3527
user8,6,3,410
user48,11,22,1055
user38,5,45,572
user27,1,21,807
user47,0,5,825
user35,16,17,1253
user46,20,6,2156
user37,23,29,2554
user31,2,33,1149
user21,22,33,137
user42,21,3,1905
user50,14,22,1696
user27,9,2,794
user9,10,48,1510
user26,2,25,2465
user7,3,45,29
user46,15,14,981
user15,1,2,1833
user22,18,25,584
user22,2,287,4660
user33,7,44,14
user6,12,32,2941
user35,22,40,2713
user42,18,17,129
user28,22,26,750
user23,8,12,1022
user1,14,34,1129
user48,7,45,906
user39,4,22,2918
user12,15,37,2754
user28,4,47,1018
user5,11,16,2275
user21,6,36,1322
user37,22,10,1791
user34,19,31,2819
user32,0,5,525
user16,22,2,506
user32,19,24,1941
user33,0,43,1646
user1,0,40,1076
user13,11,31,2556
user23,16,26,785
user10,1,41,835
user45,10,29,738
user36,9,37,2514
user35,16,35,1581
user39,23,23,46
user13,22,25,2924
user17,16,20,1913
user13,0,246,2075
user9,6,28,727
user19,14,16,894
user12,19,21,1177
user45,20,42,1219
user31,4,35,1248
user11,17,47,2645
user44,16,38,1552
user40,9,9,2852
user5,4,38,2396
user45,0,22,509
user7,12,4,1837
user31,18,44,1215
user10,3,225,3081
user20,7,41,1968
user13,16,25,833
user6,11,45,2729
user47,20,16,2943
user37,3,35,1692
user18,14,41,1559
user1,20,3,2713
user11,11,10,2793
user38,11,24,677
user28,3,26,2755
user28,4,41,749
user17,8,33,2046
user28,15,29,2966
user6,17,5,1848
user10,23,30,886
user33,21,1,2203
user49,10,21,72
user27,0,248,4870
user6,16,5,1678
user23,4,37,723
user17,20,14,2514
user45,12,4,1479
user40,1,28,2152
user26,1,3,277
user44,4,30,772
user48,14,23,1262
user2,10,39,773
user50,1,18,2855
user34,19,38,1368
user42,18,17,2190
user10,23,17,1363
user20,23,5,2603
user2,12,43,52
user47,22,16,2152
user16,7,4,369
user25,2,32,676
user50,18,19,1038
user42,21,21,2895
user41,11,26,2603
user26,12,27,2851
user22,14,30,116
user17,3,1,2065
user15,14,22,535
user23,13,24,374
user7,2,47,928
user47,12,18,2863
user15,0,116,3254
user22,11,25,2202
user25,3,10,76
user18,14,36,120
user47,7,40,2805
user41,4,6,2749
user34,23,45,1999
user33,20,22,2334
user48,3,30,2900
user30,23,9,768
user31,7,37,2605
user6,1,20,1765
user15,5,49,1639
user2,14,11,1425
user45,11,5,2383
user4,18,20,234
user12,14,1,2147
user38,4,11,2902
user33,5,10,270
user44,1,13,1201
user1,4,9,2842
user15,23,38,2048
user31,16,5,2375
user50,13,11,1170
user35,2,1,1329
user29,7,11,882
user30,2,21,2062
user14,3,25,1782
user18,7,8,1328
user32,18,38,1898
user15,0,25,2202
user2,13,40,2161
user6,5,3,2448
user42,19,15,1656
user30,6,27,429
user33,4,27,960
user4,21,2,526
user33,21,38,1942
user36,12,24,2072
user5,14,4,2901
user27,18,36,803
user5,19,11,1875
user6,7,23,824
user43,11,26,2198
user18,0,47,1649
user12,11,36,1357
user37,7,42,613
user9,21,29,2836
user46,4,21,1655
user23,0,40,1944
user9,20,9,211
user26,8,35,584
user26,10,38,395
user27,1,27,2697
user44,18,24,34
user6,20,24,1194
user43,21,26,2213
user49,6,17,1117
user20,21,22,2533
user40,16,7,1802
user30,22,19,2089
user49,12,29,295
user19,17,1,2647
user50,1,28,1146
user38,18,4,1930
user39,2,32,787
user46,1,33,2144
user32,17,7,842
user3,23,23,2500
user8,21,47,2636
user28,14,8,2153
user32,23,46,2548
user37,21,21,919
user48,17,7,339
user23,20,19,924
user18,1,1,2872
user11,9,2,716
user12,19,5,814
user30,8,34,1086
user22,11,24,602
user46,22,32,2778
user17,13,9,2609
user25,6,9,1791
user46,3,26,451
user34,22,37,84
user21,9,36,50
user17,4,25,1411
user42,21,21,2084
user6,7,34,2325
user7,9,45,2979
user46,1,43,2876
user26,20,11,1329
user36,16,39,2801
user34,22,47,2721
user5,3,180,2364
user43,1,9,163
user9,8,40,1050
user43,7,42,34
user3,17,37,117
user30,5,34,2581
user44,16,17,339
user49,14,12,1351
user19,7,31,2718
user37,21,16,719
user18,11,15,498
user47,9,16,720
user26,20,22,259
user15,20,7,146
user8,17,23,1510
user30,19,39,411
user39,16,14,1192
user44,12,34,140
user40,22,23,373
user49,3,29,930
user33,15,45,1459
user2,4,240,3297
user32,2,39,823
user49,20,44,706
user44,14,10,2983
user39,19,5,2634
user3,12,14,385
user4,0,242,4864
user24,3,12,2244
user37,10,6,816
user46,23,11,1095
user25,6,4,1604
user29,21,45,1399
user34,8,49,2563
user6,4,5,63
user49,8,35,1053
user42,2,18,2119
user3,2,38,790
user47,8,4,1943
user11,8,3,2692
user9,2,25,2795
user9,14,40,1570
user34,23,15,47
user5,15,26,923
user48,12,28,982
user40,12,32,327
user3,23,40,1899
user13,12,33,1295
user16,7,28,2410
user48,8,13,372
user42,3,27,2479
user5,10,45,835
user31,22,42,2729
user30,6,31,2139
user14,4,145,3690
user49,8,17,369
user24,12,35,1017
user30,6,10,1266
user28,14,30,2094
user4,19,32,493
user27,16,12,927
user1,21,26,2267
user47,11,36,772
user12,6,29,916
user47,14,32,2516
user26,1,46,747
user17,2,13,48
user29,10,32,1720
user22,10,27,2906
user28,20,47,878
user6,18,5,1420
user38,14,34,1990
user49,23,12,1819
user16,7,46,994
user8,14,27,1719
user7,2,29,969
user24,2,20,536
user14,6,17,1269
user9,5,48,1026
user22,21,2,1377
user13,16,8,283
user18,13,47,616
user11,12,25,2858
user41,7,11,223
user41,16,12,2946
user15,15,22,2149
user10,7,32,251
user2,0,33,1778
user33,12,26,927
user38,6,26,1719
user15,1,42,896
user40,0,202,4270
user32,8,12,1297
user28,19,47,260
user11,19,16,909
user22,2,41,883
user18,21,12,2144
user25,12,19,759
user8,22,32,316
user6,17,19,671
user41,2,28,1747
user29,21,15,362
user49,20,31,1987
user20,4,4,2789
user20,23,49,617
user34,3,2,2392
user6,6,42,764
user12,2,45,539
user15,0,35,803
user48,22,42,949
user2,22,37,2894
user41,21,47,23
user25,19,2,847
user25,0,267,2459
user36,12,23,2344
user3,21,14,2649
user10,11,30,1290
user8,10,12,2570
user20,10,37,2744
user37,16,49,1665
user28,14,15,1935
user20,17,14,978
user20,0,35,207
user5,1,119,4740
user50,23,43,135
user50,6,31,2552
user23,4,151,3359
user50,9,8,2043
user8,5,5,1528
user34,0,26,2484
user50,17,17,312
user12,7,25,823
user1,18,31,2009
user48,4,41,1019
user9,0,41,1122
user9,20,13,498
user34,5,46,1677
user6,1,18,2454
user19,12,11,1377
user7,20,15,720
user19,0,49,745
user44,5,26,2924
user14,9,2,2999
user21,7,48,1483
user29,11,5,313
user44,3,15,52
user6,13,44,900
user21,22,43,1024
user15,3,11,60
user21,12,22,796
user4,15,46,1702
user35,7,16,115
user18,1,49,2646
user25,10,7,1072
user7,23,49,454
user36,19,4,1808
user44,23,45,1395
user13,22,22,1310
user9,8,15,19
user42,7,24,729
user27,4,4,59
user36,6,10,2914
user36,9,33,1472
user47,16,35,1259
user21,16,22,2862
user28,6,32,1556
user14,12,25,779
user7,20,18,1587
user39,8,49,2516
user46,18,4,1251
user32,6,45,1015
user37,0,36,1932
user33,5,41,717
user2,4,44,169
user38,7,3,2438
user22,5,2,2784
user38,16,35,2411
user8,21,44,1475
user13,14,16,2675
user16,11,17,1433
user20,2,16,246
user40,21,5,2013
user44,0,30,158
user22,17,8,1776
user16,11,38,1533
user14,3,33,1696
user2,8,21,2827
user9,0,11,844
user23,3,18,320
user22,10,15,351
user42,11,47,570
user18,12,35,1703
user3,15,7,957
user15,20,35,2635
user35,17,14,1821
user10,1,25,2310
user36,13,1,1143
user46,19,3,2540
user25,0,178,3603
user45,11,32,137
user13,13,20,1691
user6,10,2,1093
user31,18,5,1963
user2,10,31,1089
user23,18,9,1132
user28,13,7,409
user4,3,39,1585
user39,19,29,829
user38,6,37,1607
user35,6,27,2149
user7,4,22,519
user27,20,38,2718
user39,4,1,2270
user45,20,18,2030
user36,16,35,506
user21,19,26,2567
user48,17,40,1778
user29,5,42,2078
user49,8,17,402
user2,15,29,1130
user40,20,28,724
user8,21,8,88
user23,23,45,2524
user44,0,186,4090
user1,3,120,2231
user31,13,36,1684
user19,6,28,572
user5,4,30,2047
user10,5,47,1001
user17,7,40,930
user15,17,3,1837
user14,8,41,226
user50,9,21,661
user2,21,13,1726
user16,1,11,531
user40,17,9,1698
user14,17,22,2471
user44,18,46,2170
user35,22,39,2554
user47,17,21,2718
user46,7,46,656
user32,10,22,671
user22,12,18,779
user15,19,27,1496
user24,11,13,2335
user33,23,3,712
user23,6,44,1314
user47,7,42,2186
user3,0,4,1516
user42,1,43,2530
user46,6,27,932
user48,12,9,2557
user42,0,261,4634
user16,18,31,1024
user19,4,4,1414
user10,23,35,1838
user40,6,21,2259
user4,12,20,2330
user4,13,3,345
user4,23,24,171
user19,18,49,1911
user24,12,12,551
user31,3,19,441
user30,22,49,1216
user49,14,11,1029
user33,16,6,1293
user47,14,6,1592
user11,6,9,611
user10,17,3,982
user30,21,45,2767
user45,18,19,1459
user26,18,5,1382
user20,16,21,713
user6,3,39,1019
user24,3,6,2866
user44,19,24,994
user30,23,44,627
user28,6,35,1984
user10,15,16,2024
user13,5,44,850
user43,19,18,2307
user21,3,33,2020
user15,17,32,1181
user48,6,21,1459
user14,4,21,1115
user23,4,24,2362
user25,20,12,2502
user50,20,4,904
user7,21,33,602
user34,10,41,2480
user17,1,6,1527
user1,9,21,1547
user2,9,34,1913
user39,21,12,353
user38,9,35,1737
user49,6,21,541
user4,13,22,1688
user21,14,22,2685
user27,8,40,2115
user49,1,25,1793
user8,11,33,1587
user6,6,23,2658
user43,18,5,316
user12,9,8,2565
user36,4,21,2624
user15,15,46,1137
user20,5,12,2443
user3,12,3,292
user40,5,33,2277
user8,4,32,1925
user37,3,30,2423
user32,8,12,1940
user16,0,45,1920
user30,12,34,1293
user31,22,27,1570
user4,19,34,2702
user28,8,38,1467
user44,10,2,1397
user21,23,34,991
user28,15,21,2213
user33,20,35,1725
user47,17,11,2336
user22,16,5,2677
user15,2,33,733
user34,0,247,2123
user1,7,23,649
user4,14,38,2200
user35,20,46,2029
user39,8,35,1797
user18,18,33,655
user23,1,46,2607
user8,2,19,1575
user20,16,25,433
user26,5,23,671
user19,13,3,1459
user28,19,45,2820
user19,14,14,1153
user36,0,219,4867
user25,13,11,830
user14,8,4,77
user2,8,46,1631
user16,16,48,1703
user11,13,21,1800
user48,19,37,1996
user9,8,4,1068
user24,0,8,352
user12,21,12,2231
user41,18,26,829
user40,20,38,1821
user4,22,7,2405
user22,11,45,588
user2,23,34,2404
user1,7,23,2271
user17,11,6,739
user19,9,1,450
user49,2,40,151
user45,19,49,2710
user49,13,49,1223
user20,0,26,1840
user49,9,43,2439
user24,4,49,562
user21,18,39,192
user13,10,46,916
user46,12,1,28
user8,20,45,2502
user45,6,28,529
user46,22,30,2488
user47,19,18,1691
user30,0,36,603
user47,7,20,1146
user15,8,39,1803
user41,9,2,1852
user10,13,18,572
user39,2,20,2511
user2,5,3,1945
user2,16,41,277
user1,4,161,2048
user31,22,24,1538
user21,21,43,1691
user45,22,9,2031
user44,1,32,1484
user44,14,41,2080
user48,21,36,1413
user39,1,28,2990
user37,23,1,2616
user29,2,225,4442
user49,16,38,585
user34,15,12,842
user49,2,166,4122
user45,3,26,1188
user43,9,6,1860
user30,9,37,2179
user42,4,35,2703
user9,16,29,86
user17,12,32,1311
user37,8,49,1942
user22,20,23,956
user34,12,49,350
user44,20,44,148
user1,23,35,918
user11,3,17,2161
user24,18,37,1008
user28,4,17,2670
user19,20,34,276
user47,11,21,2452
user5,16,20,1970
user12,5,17,892
user48,11,44,2877
user36,5,11,1249
user27,10,17,1724
user27,17,28,1980
user47,3,7,374
user9,7,45,2394
user32,7,19,1356
user13,14,46,1734
user16,17,32,31
user43,2,10,1843
user21,15,12,2251
user35,23,30,66
user35,18,8,2851
user7,6,3,1098
user37,4,287,2200
user1,3,35,2251
user23,8,34,951
user4,5,11,919
user45,1,45,2140
user16,1,40,1690
user42,15,38,2379
user13,23,47,1960
user39,2,8,1248
user27,21,29,1598
user17,2,152,3304
user22,16,23,2601
user10,3,8,1599
user32,17,14,2469
user24,14,22,1063
user13,22,8,1499
user31,13,34,859
user11,1,192,3809
user32,21,38,2266
user50,7,41,2447
user29,10,1,1652
user27,1,44,1485
user15,18,13,1116
user48,23,12,2748
user23,0,27,2689
user47,22,21,244
user33,23,44,532
user47,8,21,1756
user42,16,37,1535
user28,8,35,1529
user14,2,44,882
user41,12,18,2798
user31,1,16,658
user11,21,22,2026
user23,12,45,171
user8,6,36,2331
user6,11,44,549
user1,3,21,244
user49,21,10,2622
user10,13,13,1825
user17,3,14,684
user47,2,252,2739
user26,5,1,128
user47,16,40,2755
user42,14,30,2802
user6,6,32,1769
user33,22,7,2813
user12,15,16,2612
user13,6,36,2680
user32,10,8,234
user8,12,22,1092
user3,8,29,2667
user13,14,23,1251
user40,8,5,1857
user50,10,15,2597
user17,11,7,2419
user25,9,45,2324
user8,7,4,1016
user11,10,1,1082
user38,23,47,168
user50,16,5,1853
user33,17,38,1956
user32,20,46,2510
user22,17,14,2771
user31,2,30,1551
user44,12,43,629
user48,10,13,2107
user28,11,6,2329
user48,23,26,2503
user11,4,25,2331
user38,3,214,2796
user34,16,43,1844
user2,1,8,2419
user32,3,47,1639
user39,16,20,2811
user22,4,255,4218
user21,23,42,1797
user8,15,27,2847
user29,3,108,3461
user27,1,1,610
user49,2,20,2461
user35,2,49,2775
user45,19,29,2013
user18,3,1,2171
user26,12,20,1299
user41,8,5,1923
user22,1,45,1970
user5,10,21,2156
user19,12,7,2048
user40,4,21,471
user42,19,15,2811
user29,7,41,1401
user39,13,28,484
user15,2,37,1930
user24,7,36,1003
user24,9,4,299
user23,4,161,2680
user6,4,10,2737
user38,20,20,1548
user22,14,4,853
user36,14,41,1998
user50,4,25,1145
user14,15,47,1919
user16,23,22,222
user8,16,16,1832
user32,1,9,986
user10,21,17,1593
user25,20,37,2810
user25,18,36,1114
user24,1,40,1924
user47,22,39,518
user17,1,41,2534
user6,5,20,1341
user17,16,12,1913
user1,16,3,1507
user32,3,262,4535
user14,0,14,683
user4,23,29,911
user49,7,19,2250
user16,5,40,534
user35,18,12,900
user25,19,31,461
user2,23,22,892
user8,6,14,384
user16,22,19,1243
user8,0,49,1045
user11,4,27,149
user33,4,28,2903
user33,17,48,28
user2,14,39,461
user20,21,7,224
user19,21,29,769
user24,17,10,370
user26,9,17,2379
user5,8,5,1501
user27,16,12,2444
user25,2,16,1547
user10,5,22,163
user39,14,38,2077
user20,11,19,605
user2,20,34,2975
user15,9,9,490
user6,8,36,1092
user29,3,1,2652
user10,20,15,671
user21,23,22,2925
user25,3,106,2816
user9,3,19,1930
user9,12,46,627
user6,15,38,2714
user27,21,35,1789
user25,14,15,653
user9,18,28,52
user42,17,20,1526
user49,20,23,1144
user47,0,46,78
user34,7,11,70
user33,10,16,347
user10,17,38,2696
user13,23,46,2444
user1,22,27,1809
user42,16,9,2566
user25,6,49,2853
user37,8,18,577
user2,10,38,2051
user50,10,37,1368
user34,21,11,1238
user7,10,24,832
user38,17,1,1647
user48,4,49,2771
user50,6,3,2678
user19,3,287,4330
user42,22,25,286
user24,12,46,2601
user5,3,46,2035
user39,15,33,2938
user9,5,45,2604
user41,21,5,96
user23,15,3,2471
user22,8,29,1710
user32,13,47,1657
user17,22,40,606
user6,11,18,1639
user33,16,43,2473
user14,9,47,124
user9,9,28,2263
user47,21,19,2175
user28,23,8,2420
user47,0,33,28
user40,14,42,458
user34,18,13,2815
user29,15,47,214
user29,6,24,2074
user5,16,3,1040
user39,20,1,1786
user43,2,15,2598
user32,15,25,2725
user1,21,16,2482
user41,6,14,348
user41,0,245,4482
user48,1,32,2591
user47,7,36,741
user49,12,18,2891
user15,2,182,2002
user14,7,4,1540
user11,10,32,907
user49,8,28,680
user15,15,25,1965
user37,15,45,1863
user17,2,37,1244
user29,6,28,1298
user6,16,16,2784
user21,3,42,1790
user42,11,42,2324
user8,7,40,964
user30,11,10,2357
user16,16,26,2571
user26,22,18,2793
user38,14,3,2735
user1,12,32,165
user46,12,27,2925
user10,6,15,1240
user23,22,6,2017
user37,19,12,170
user1,4,22,1103
user32,2,15,1550
user46,17,48,2959
user46,23,40,464
user38,17,2,2388
user38,15,27,1685
user31,9,3,374
user31,14,16,2310
user35,19,11,2974
user11,1,276,2991
user36,2,296,4185
user19,3,29,392
user2,9,43,1309
user23,23,11,1655
user28,4,5,1694
user4,21,49,2227
user25,13,11,297
user18,22,18,2945
user21,11,5,1458
user25,8,10,927
user7,3,1,1688
user22,21,47,2778
user14,17,20,443
user43,14,12,1329
user30,5,3,99
user13,1,37,954
user36,21,26,1620
user40,1,257,2639
user20,19,16,951
user7,15,45,964
user48,20,23,2145
user9,2,20,1838
user47,22,8,1240
user30,13,20,2437
user12,16,17,2867
user19,13,11,1979
user34,19,38,2785
user15,4,20,2050
user40,11,23,369
user8,23,10,48
user36,12,32,45
user22,3,31,1371
user24,23,23,2847
user11,13,32,2510
user10,7,46,1953
user48,22,17,2792
user42,20,34,786
user25,15,18,981
user15,9,15,2008
user39,12,17,2450
user26,20,18,854
user12,11,38,1244
user35,15,18,2969
user4,7,13,2934
user37,5,19,1622
user26,13,31,319
user39,7,25,2902
user38,5,28,62
user28,2,45,2815
user22,5,8,2304
user6,13,32,2963
user12,16,31,358
user25,8,31,775
user20,1,213,2275
user13,16,36,490
user13,16,24,1361
user45,22,46,337
user26,14,13,1530
user16,22,2,2815
user17,6,13,2665
user46,4,211,3590
user17,7,19,2685
user10,11,31,574
user30,0,9,1727
user44,2,11,1131
user32,14,12,1514
user8,7,27,1301
user40,9,11,2672
user17,0,32,2563
user21,7,23,1601
user50,5,37,502
user8,8,49,236
user24,16,21,1483
user19,6,28,2052
user19,23,38,1061
user37,18,4,2234
user13,19,32,986
user46,18,35,1783
user28,0,42,219
user33,11,8,481
user4,5,44,932
user16,23,12,2529
user45,1,172,3305
user20,7,10,161
user27,15,49,280
